<?xml version="1.0" encoding="UTF-8"?>
<metadata xml:lang="en"><Esri><CreaDate>20140428</CreaDate><CreaTime>13161500</CreaTime><ArcGISFormat>1.0</ArcGISFormat><SyncOnce>TRUE</SyncOnce><DataProperties><lineage><Process ToolSource="c:\program files (x86)\arcgis\desktop10.1\ArcToolbox\Toolboxes\Data Management Tools.tbx\CalculateField" Date="20140210" Time="073312">CalculateField Precincts2014 NAME1 Left( [NAME],8 ) VB #</Process><Process ToolSource="c:\program files (x86)\arcgis\desktop10.1\ArcToolbox\Toolboxes\Data Management Tools.tbx\CalculateField" Date="20140210" Time="073350">CalculateField Precincts2014 NAME1 Mid( [NAME],8 ) VB #</Process></lineage></DataProperties></Esri></metadata>
