<?xml version="1.0"?>
<!--<!DOCTYPE metadata SYSTEM "http://www.esri.com/metadata/esriprof80.dtd">-->
<metadata xml:lang="en"><Esri><CreaDate>20101101</CreaDate><CreaTime>11374200</CreaTime><SyncOnce>FALSE</SyncOnce><SyncDate>20100416</SyncDate><SyncTime>13321600</SyncTime><ModDate>20100416</ModDate><ModTime>13321600</ModTime><DataProperties><lineage><Process ToolSource="C:\Program Files\ArcGIS\ArcToolbox\Toolboxes\Data Management Tools.tbx\Merge" Date="20100416" Time="133223">Merge RDP_02013_VTD_WHOLEENTITY;RDP_02016_VTD_WHOLEENTITY;RDP_02020_VTD_WHOLEENTITY;RDP_02050_VTD_WHOLEENTITY;RDP_02060_VTD_WHOLEENTITY;RDP_02068_VTD_WHOLEENTITY;RDP_02070_VTD_WHOLEENTITY;RDP_02090_VTD_WHOLEENTITY;RDP_02100_VTD_WHOLEENTITY;RDP_02105_VTD_WHOLEENTITY;RDP_02110_VTD_WHOLEENTITY;RDP_02122_VTD_WHOLEENTITY;RDP_02130_VTD_WHOLEENTITY;RDP_02150_VTD_WHOLEENTITY;RDP_02164_VTD_WHOLEENTITY;RDP_02170_VTD_WHOLEENTITY;RDP_02180_VTD_WHOLEENTITY;RDP_02185_VTD_WHOLEENTITY;RDP_02188_VTD_WHOLEENTITY;RDP_02195_VTD_WHOLEENTITY;RDP_02198_VTD_WHOLEENTITY;RDP_02220_VTD_WHOLEENTITY;RDP_02230_VTD_WHOLEENTITY;RDP_02240_VTD_WHOLEENTITY;RDP_02261_VTD_WHOLEENTITY;RDP_02270_VTD_WHOLEENTITY;RDP_02275_VTD_WHOLEENTITY;RDP_02282_VTD_WHOLEENTITY;RDP_02290_VTD_WHOLEENTITY "R:\RA\RAPOP\ERIC\Collected Shapefiles\AlaskaVotingPrecinctsCensus.shp" "VOTING_DIS 'VOTING_DIS' true true false 6 Text 0 0 ,First,#,RDP_02013_VTD_WHOLEENTITY,VOTING_DIS,-1,-1,RDP_02016_VTD_WHOLEENTITY,VOTING_DIS,-1,-1,RDP_02020_VTD_WHOLEENTITY,VOTING_DIS,-1,-1,RDP_02050_VTD_WHOLEENTITY,VOTING_DIS,-1,-1,RDP_02060_VTD_WHOLEENTITY,VOTING_DIS,-1,-1,RDP_02068_VTD_WHOLEENTITY,VOTING_DIS,-1,-1,RDP_02070_VTD_WHOLEENTITY,VOTING_DIS,-1,-1,RDP_02090_VTD_WHOLEENTITY,VOTING_DIS,-1,-1,RDP_02100_VTD_WHOLEENTITY,VOTING_DIS,-1,-1,RDP_02105_VTD_WHOLEENTITY,VOTING_DIS,-1,-1,RDP_02110_VTD_WHOLEENTITY,VOTING_DIS,-1,-1,RDP_02122_VTD_WHOLEENTITY,VOTING_DIS,-1,-1,RDP_02130_VTD_WHOLEENTITY,VOTING_DIS,-1,-1,RDP_02150_VTD_WHOLEENTITY,VOTING_DIS,-1,-1,RDP_02164_VTD_WHOLEENTITY,VOTING_DIS,-1,-1,RDP_02170_VTD_WHOLEENTITY,VOTING_DIS,-1,-1,RDP_02180_VTD_WHOLEENTITY,VOTING_DIS,-1,-1,RDP_02185_VTD_WHOLEENTITY,VOTING_DIS,-1,-1,RDP_02188_VTD_WHOLEENTITY,VOTING_DIS,-1,-1,RDP_02195_VTD_WHOLEENTITY,VOTING_DIS,-1,-1,RDP_02198_VTD_WHOLEENTITY,VOTING_DIS,-1,-1,RDP_02220_VTD_WHOLEENTITY,VOTING_DIS,-1,-1,RDP_02230_VTD_WHOLEENTITY,VOTING_DIS,-1,-1,RDP_02240_VTD_WHOLEENTITY,VOTING_DIS,-1,-1,RDP_02261_VTD_WHOLEENTITY,VOTING_DIS,-1,-1,RDP_02270_VTD_WHOLEENTITY,VOTING_DIS,-1,-1,RDP_02275_VTD_WHOLEENTITY,VOTING_DIS,-1,-1,RDP_02282_VTD_WHOLEENTITY,VOTING_DIS,-1,-1,RDP_02290_VTD_WHOLEENTITY,VOTING_DIS,-1,-1;STATEFP00 'STATEFP00' true true false 2 Text 0 0 ,First,#,RDP_02013_VTD_WHOLEENTITY,STATEFP00,-1,-1,RDP_02016_VTD_WHOLEENTITY,STATEFP00,-1,-1,RDP_02020_VTD_WHOLEENTITY,STATEFP00,-1,-1,RDP_02050_VTD_WHOLEENTITY,STATEFP00,-1,-1,RDP_02060_VTD_WHOLEENTITY,STATEFP00,-1,-1,RDP_02068_VTD_WHOLEENTITY,STATEFP00,-1,-1,RDP_02070_VTD_WHOLEENTITY,STATEFP00,-1,-1,RDP_02090_VTD_WHOLEENTITY,STATEFP00,-1,-1,RDP_02100_VTD_WHOLEENTITY,STATEFP00,-1,-1,RDP_02105_VTD_WHOLEENTITY,STATEFP00,-1,-1,RDP_02110_VTD_WHOLEENTITY,STATEFP00,-1,-1,RDP_02122_VTD_WHOLEENTITY,STATEFP00,-1,-1,RDP_02130_VTD_WHOLEENTITY,STATEFP00,-1,-1,RDP_02150_VTD_WHOLEENTITY,STATEFP00,-1,-1,RDP_02164_VTD_WHOLEENTITY,STATEFP00,-1,-1,RDP_02170_VTD_WHOLEENTITY,STATEFP00,-1,-1,RDP_02180_VTD_WHOLEENTITY,STATEFP00,-1,-1,RDP_02185_VTD_WHOLEENTITY,STATEFP00,-1,-1,RDP_02188_VTD_WHOLEENTITY,STATEFP00,-1,-1,RDP_02195_VTD_WHOLEENTITY,STATEFP00,-1,-1,RDP_02198_VTD_WHOLEENTITY,STATEFP00,-1,-1,RDP_02220_VTD_WHOLEENTITY,STATEFP00,-1,-1,RDP_02230_VTD_WHOLEENTITY,STATEFP00,-1,-1,RDP_02240_VTD_WHOLEENTITY,STATEFP00,-1,-1,RDP_02261_VTD_WHOLEENTITY,STATEFP00,-1,-1,RDP_02270_VTD_WHOLEENTITY,STATEFP00,-1,-1,RDP_02275_VTD_WHOLEENTITY,STATEFP00,-1,-1,RDP_02282_VTD_WHOLEENTITY,STATEFP00,-1,-1,RDP_02290_VTD_WHOLEENTITY,STATEFP00,-1,-1;COUNTYFP00 'COUNTYFP00' true true false 3 Text 0 0 ,First,#,RDP_02013_VTD_WHOLEENTITY,COUNTYFP00,-1,-1,RDP_02016_VTD_WHOLEENTITY,COUNTYFP00,-1,-1,RDP_02020_VTD_WHOLEENTITY,COUNTYFP00,-1,-1,RDP_02050_VTD_WHOLEENTITY,COUNTYFP00,-1,-1,RDP_02060_VTD_WHOLEENTITY,COUNTYFP00,-1,-1,RDP_02068_VTD_WHOLEENTITY,COUNTYFP00,-1,-1,RDP_02070_VTD_WHOLEENTITY,COUNTYFP00,-1,-1,RDP_02090_VTD_WHOLEENTITY,COUNTYFP00,-1,-1,RDP_02100_VTD_WHOLEENTITY,COUNTYFP00,-1,-1,RDP_02105_VTD_WHOLEENTITY,COUNTYFP00,-1,-1,RDP_02110_VTD_WHOLEENTITY,COUNTYFP00,-1,-1,RDP_02122_VTD_WHOLEENTITY,COUNTYFP00,-1,-1,RDP_02130_VTD_WHOLEENTITY,COUNTYFP00,-1,-1,RDP_02150_VTD_WHOLEENTITY,COUNTYFP00,-1,-1,RDP_02164_VTD_WHOLEENTITY,COUNTYFP00,-1,-1,RDP_02170_VTD_WHOLEENTITY,COUNTYFP00,-1,-1,RDP_02180_VTD_WHOLEENTITY,COUNTYFP00,-1,-1,RDP_02185_VTD_WHOLEENTITY,COUNTYFP00,-1,-1,RDP_02188_VTD_WHOLEENTITY,COUNTYFP00,-1,-1,RDP_02195_VTD_WHOLEENTITY,COUNTYFP00,-1,-1,RDP_02198_VTD_WHOLEENTITY,COUNTYFP00,-1,-1,RDP_02220_VTD_WHOLEENTITY,COUNTYFP00,-1,-1,RDP_02230_VTD_WHOLEENTITY,COUNTYFP00,-1,-1,RDP_02240_VTD_WHOLEENTITY,COUNTYFP00,-1,-1,RDP_02261_VTD_WHOLEENTITY,COUNTYFP00,-1,-1,RDP_02270_VTD_WHOLEENTITY,COUNTYFP00,-1,-1,RDP_02275_VTD_WHOLEENTITY,COUNTYFP00,-1,-1,RDP_02282_VTD_WHOLEENTITY,COUNTYFP00,-1,-1,RDP_02290_VTD_WHOLEENTITY,COUNTYFP00,-1,-1;VTDST00 'VTDST00' true true false 6 Text 0 0 ,First,#,RDP_02013_VTD_WHOLEENTITY,VTDST00,-1,-1,RDP_02016_VTD_WHOLEENTITY,VTDST00,-1,-1,RDP_02020_VTD_WHOLEENTITY,VTDST00,-1,-1,RDP_02050_VTD_WHOLEENTITY,VTDST00,-1,-1,RDP_02060_VTD_WHOLEENTITY,VTDST00,-1,-1,RDP_02068_VTD_WHOLEENTITY,VTDST00,-1,-1,RDP_02070_VTD_WHOLEENTITY,VTDST00,-1,-1,RDP_02090_VTD_WHOLEENTITY,VTDST00,-1,-1,RDP_02100_VTD_WHOLEENTITY,VTDST00,-1,-1,RDP_02105_VTD_WHOLEENTITY,VTDST00,-1,-1,RDP_02110_VTD_WHOLEENTITY,VTDST00,-1,-1,RDP_02122_VTD_WHOLEENTITY,VTDST00,-1,-1,RDP_02130_VTD_WHOLEENTITY,VTDST00,-1,-1,RDP_02150_VTD_WHOLEENTITY,VTDST00,-1,-1,RDP_02164_VTD_WHOLEENTITY,VTDST00,-1,-1,RDP_02170_VTD_WHOLEENTITY,VTDST00,-1,-1,RDP_02180_VTD_WHOLEENTITY,VTDST00,-1,-1,RDP_02185_VTD_WHOLEENTITY,VTDST00,-1,-1,RDP_02188_VTD_WHOLEENTITY,VTDST00,-1,-1,RDP_02195_VTD_WHOLEENTITY,VTDST00,-1,-1,RDP_02198_VTD_WHOLEENTITY,VTDST00,-1,-1,RDP_02220_VTD_WHOLEENTITY,VTDST00,-1,-1,RDP_02230_VTD_WHOLEENTITY,VTDST00,-1,-1,RDP_02240_VTD_WHOLEENTITY,VTDST00,-1,-1,RDP_02261_VTD_WHOLEENTITY,VTDST00,-1,-1,RDP_02270_VTD_WHOLEENTITY,VTDST00,-1,-1,RDP_02275_VTD_WHOLEENTITY,VTDST00,-1,-1,RDP_02282_VTD_WHOLEENTITY,VTDST00,-1,-1,RDP_02290_VTD_WHOLEENTITY,VTDST00,-1,-1;NAMELSAD 'NAMELSAD' true true false 100 Text 0 0 ,First,#,RDP_02013_VTD_WHOLEENTITY,NAMELSAD,-1,-1,RDP_02016_VTD_WHOLEENTITY,NAMELSAD,-1,-1,RDP_02020_VTD_WHOLEENTITY,NAMELSAD,-1,-1,RDP_02050_VTD_WHOLEENTITY,NAMELSAD,-1,-1,RDP_02060_VTD_WHOLEENTITY,NAMELSAD,-1,-1,RDP_02068_VTD_WHOLEENTITY,NAMELSAD,-1,-1,RDP_02070_VTD_WHOLEENTITY,NAMELSAD,-1,-1,RDP_02090_VTD_WHOLEENTITY,NAMELSAD,-1,-1,RDP_02100_VTD_WHOLEENTITY,NAMELSAD,-1,-1,RDP_02105_VTD_WHOLEENTITY,NAMELSAD,-1,-1,RDP_02110_VTD_WHOLEENTITY,NAMELSAD,-1,-1,RDP_02122_VTD_WHOLEENTITY,NAMELSAD,-1,-1,RDP_02130_VTD_WHOLEENTITY,NAMELSAD,-1,-1,RDP_02150_VTD_WHOLEENTITY,NAMELSAD,-1,-1,RDP_02164_VTD_WHOLEENTITY,NAMELSAD,-1,-1,RDP_02170_VTD_WHOLEENTITY,NAMELSAD,-1,-1,RDP_02180_VTD_WHOLEENTITY,NAMELSAD,-1,-1,RDP_02185_VTD_WHOLEENTITY,NAMELSAD,-1,-1,RDP_02188_VTD_WHOLEENTITY,NAMELSAD,-1,-1,RDP_02195_VTD_WHOLEENTITY,NAMELSAD,-1,-1,RDP_02198_VTD_WHOLEENTITY,NAMELSAD,-1,-1,RDP_02220_VTD_WHOLEENTITY,NAMELSAD,-1,-1,RDP_02230_VTD_WHOLEENTITY,NAMELSAD,-1,-1,RDP_02240_VTD_WHOLEENTITY,NAMELSAD,-1,-1,RDP_02261_VTD_WHOLEENTITY,NAMELSAD,-1,-1,RDP_02270_VTD_WHOLEENTITY,NAMELSAD,-1,-1,RDP_02275_VTD_WHOLEENTITY,NAMELSAD,-1,-1,RDP_02282_VTD_WHOLEENTITY,NAMELSAD,-1,-1,RDP_02290_VTD_WHOLEENTITY,NAMELSAD,-1,-1;VTDI 'VTDI' true true false 1 Text 0 0 ,First,#,RDP_02013_VTD_WHOLEENTITY,VTDI,-1,-1,RDP_02016_VTD_WHOLEENTITY,VTDI,-1,-1,RDP_02020_VTD_WHOLEENTITY,VTDI,-1,-1,RDP_02050_VTD_WHOLEENTITY,VTDI,-1,-1,RDP_02060_VTD_WHOLEENTITY,VTDI,-1,-1,RDP_02068_VTD_WHOLEENTITY,VTDI,-1,-1,RDP_02070_VTD_WHOLEENTITY,VTDI,-1,-1,RDP_02090_VTD_WHOLEENTITY,VTDI,-1,-1,RDP_02100_VTD_WHOLEENTITY,VTDI,-1,-1,RDP_02105_VTD_WHOLEENTITY,VTDI,-1,-1,RDP_02110_VTD_WHOLEENTITY,VTDI,-1,-1,RDP_02122_VTD_WHOLEENTITY,VTDI,-1,-1,RDP_02130_VTD_WHOLEENTITY,VTDI,-1,-1,RDP_02150_VTD_WHOLEENTITY,VTDI,-1,-1,RDP_02164_VTD_WHOLEENTITY,VTDI,-1,-1,RDP_02170_VTD_WHOLEENTITY,VTDI,-1,-1,RDP_02180_VTD_WHOLEENTITY,VTDI,-1,-1,RDP_02185_VTD_WHOLEENTITY,VTDI,-1,-1,RDP_02188_VTD_WHOLEENTITY,VTDI,-1,-1,RDP_02195_VTD_WHOLEENTITY,VTDI,-1,-1,RDP_02198_VTD_WHOLEENTITY,VTDI,-1,-1,RDP_02220_VTD_WHOLEENTITY,VTDI,-1,-1,RDP_02230_VTD_WHOLEENTITY,VTDI,-1,-1,RDP_02240_VTD_WHOLEENTITY,VTDI,-1,-1,RDP_02261_VTD_WHOLEENTITY,VTDI,-1,-1,RDP_02270_VTD_WHOLEENTITY,VTDI,-1,-1,RDP_02275_VTD_WHOLEENTITY,VTDI,-1,-1,RDP_02282_VTD_WHOLEENTITY,VTDI,-1,-1,RDP_02290_VTD_WHOLEENTITY,VTDI,-1,-1;LSAD 'LSAD' true true false 2 Text 0 0 ,First,#,RDP_02013_VTD_WHOLEENTITY,LSAD,-1,-1,RDP_02016_VTD_WHOLEENTITY,LSAD,-1,-1,RDP_02020_VTD_WHOLEENTITY,LSAD,-1,-1,RDP_02050_VTD_WHOLEENTITY,LSAD,-1,-1,RDP_02060_VTD_WHOLEENTITY,LSAD,-1,-1,RDP_02068_VTD_WHOLEENTITY,LSAD,-1,-1,RDP_02070_VTD_WHOLEENTITY,LSAD,-1,-1,RDP_02090_VTD_WHOLEENTITY,LSAD,-1,-1,RDP_02100_VTD_WHOLEENTITY,LSAD,-1,-1,RDP_02105_VTD_WHOLEENTITY,LSAD,-1,-1,RDP_02110_VTD_WHOLEENTITY,LSAD,-1,-1,RDP_02122_VTD_WHOLEENTITY,LSAD,-1,-1,RDP_02130_VTD_WHOLEENTITY,LSAD,-1,-1,RDP_02150_VTD_WHOLEENTITY,LSAD,-1,-1,RDP_02164_VTD_WHOLEENTITY,LSAD,-1,-1,RDP_02170_VTD_WHOLEENTITY,LSAD,-1,-1,RDP_02180_VTD_WHOLEENTITY,LSAD,-1,-1,RDP_02185_VTD_WHOLEENTITY,LSAD,-1,-1,RDP_02188_VTD_WHOLEENTITY,LSAD,-1,-1,RDP_02195_VTD_WHOLEENTITY,LSAD,-1,-1,RDP_02198_VTD_WHOLEENTITY,LSAD,-1,-1,RDP_02220_VTD_WHOLEENTITY,LSAD,-1,-1,RDP_02230_VTD_WHOLEENTITY,LSAD,-1,-1,RDP_02240_VTD_WHOLEENTITY,LSAD,-1,-1,RDP_02261_VTD_WHOLEENTITY,LSAD,-1,-1,RDP_02270_VTD_WHOLEENTITY,LSAD,-1,-1,RDP_02275_VTD_WHOLEENTITY,LSAD,-1,-1,RDP_02282_VTD_WHOLEENTITY,LSAD,-1,-1,RDP_02290_VTD_WHOLEENTITY,LSAD,-1,-1;CHNG_TYPE 'CHNG_TYPE' true true false 2 Text 0 0 ,First,#,RDP_02013_VTD_WHOLEENTITY,CHNG_TYPE,-1,-1,RDP_02016_VTD_WHOLEENTITY,CHNG_TYPE,-1,-1,RDP_02020_VTD_WHOLEENTITY,CHNG_TYPE,-1,-1,RDP_02050_VTD_WHOLEENTITY,CHNG_TYPE,-1,-1,RDP_02060_VTD_WHOLEENTITY,CHNG_TYPE,-1,-1,RDP_02068_VTD_WHOLEENTITY,CHNG_TYPE,-1,-1,RDP_02070_VTD_WHOLEENTITY,CHNG_TYPE,-1,-1,RDP_02090_VTD_WHOLEENTITY,CHNG_TYPE,-1,-1,RDP_02100_VTD_WHOLEENTITY,CHNG_TYPE,-1,-1,RDP_02105_VTD_WHOLEENTITY,CHNG_TYPE,-1,-1,RDP_02110_VTD_WHOLEENTITY,CHNG_TYPE,-1,-1,RDP_02122_VTD_WHOLEENTITY,CHNG_TYPE,-1,-1,RDP_02130_VTD_WHOLEENTITY,CHNG_TYPE,-1,-1,RDP_02150_VTD_WHOLEENTITY,CHNG_TYPE,-1,-1,RDP_02164_VTD_WHOLEENTITY,CHNG_TYPE,-1,-1,RDP_02170_VTD_WHOLEENTITY,CHNG_TYPE,-1,-1,RDP_02180_VTD_WHOLEENTITY,CHNG_TYPE,-1,-1,RDP_02185_VTD_WHOLEENTITY,CHNG_TYPE,-1,-1,RDP_02188_VTD_WHOLEENTITY,CHNG_TYPE,-1,-1,RDP_02195_VTD_WHOLEENTITY,CHNG_TYPE,-1,-1,RDP_02198_VTD_WHOLEENTITY,CHNG_TYPE,-1,-1,RDP_02220_VTD_WHOLEENTITY,CHNG_TYPE,-1,-1,RDP_02230_VTD_WHOLEENTITY,CHNG_TYPE,-1,-1,RDP_02240_VTD_WHOLEENTITY,CHNG_TYPE,-1,-1,RDP_02261_VTD_WHOLEENTITY,CHNG_TYPE,-1,-1,RDP_02270_VTD_WHOLEENTITY,CHNG_TYPE,-1,-1,RDP_02275_VTD_WHOLEENTITY,CHNG_TYPE,-1,-1,RDP_02282_VTD_WHOLEENTITY,CHNG_TYPE,-1,-1,RDP_02290_VTD_WHOLEENTITY,CHNG_TYPE,-1,-1;EFF_DATE 'EFF_DATE' true true false 8 Text 0 0 ,First,#,RDP_02013_VTD_WHOLEENTITY,EFF_DATE,-1,-1,RDP_02016_VTD_WHOLEENTITY,EFF_DATE,-1,-1,RDP_02020_VTD_WHOLEENTITY,EFF_DATE,-1,-1,RDP_02050_VTD_WHOLEENTITY,EFF_DATE,-1,-1,RDP_02060_VTD_WHOLEENTITY,EFF_DATE,-1,-1,RDP_02068_VTD_WHOLEENTITY,EFF_DATE,-1,-1,RDP_02070_VTD_WHOLEENTITY,EFF_DATE,-1,-1,RDP_02090_VTD_WHOLEENTITY,EFF_DATE,-1,-1,RDP_02100_VTD_WHOLEENTITY,EFF_DATE,-1,-1,RDP_02105_VTD_WHOLEENTITY,EFF_DATE,-1,-1,RDP_02110_VTD_WHOLEENTITY,EFF_DATE,-1,-1,RDP_02122_VTD_WHOLEENTITY,EFF_DATE,-1,-1,RDP_02130_VTD_WHOLEENTITY,EFF_DATE,-1,-1,RDP_02150_VTD_WHOLEENTITY,EFF_DATE,-1,-1,RDP_02164_VTD_WHOLEENTITY,EFF_DATE,-1,-1,RDP_02170_VTD_WHOLEENTITY,EFF_DATE,-1,-1,RDP_02180_VTD_WHOLEENTITY,EFF_DATE,-1,-1,RDP_02185_VTD_WHOLEENTITY,EFF_DATE,-1,-1,RDP_02188_VTD_WHOLEENTITY,EFF_DATE,-1,-1,RDP_02195_VTD_WHOLEENTITY,EFF_DATE,-1,-1,RDP_02198_VTD_WHOLEENTITY,EFF_DATE,-1,-1,RDP_02220_VTD_WHOLEENTITY,EFF_DATE,-1,-1,RDP_02230_VTD_WHOLEENTITY,EFF_DATE,-1,-1,RDP_02240_VTD_WHOLEENTITY,EFF_DATE,-1,-1,RDP_02261_VTD_WHOLEENTITY,EFF_DATE,-1,-1,RDP_02270_VTD_WHOLEENTITY,EFF_DATE,-1,-1,RDP_02275_VTD_WHOLEENTITY,EFF_DATE,-1,-1,RDP_02282_VTD_WHOLEENTITY,EFF_DATE,-1,-1,RDP_02290_VTD_WHOLEENTITY,EFF_DATE,-1,-1;NEW_NAME 'NEW_NAME' true true false 100 Text 0 0 ,First,#,RDP_02013_VTD_WHOLEENTITY,NEW_NAME,-1,-1,RDP_02016_VTD_WHOLEENTITY,NEW_NAME,-1,-1,RDP_02020_VTD_WHOLEENTITY,NEW_NAME,-1,-1,RDP_02050_VTD_WHOLEENTITY,NEW_NAME,-1,-1,RDP_02060_VTD_WHOLEENTITY,NEW_NAME,-1,-1,RDP_02068_VTD_WHOLEENTITY,NEW_NAME,-1,-1,RDP_02070_VTD_WHOLEENTITY,NEW_NAME,-1,-1,RDP_02090_VTD_WHOLEENTITY,NEW_NAME,-1,-1,RDP_02100_VTD_WHOLEENTITY,NEW_NAME,-1,-1,RDP_02105_VTD_WHOLEENTITY,NEW_NAME,-1,-1,RDP_02110_VTD_WHOLEENTITY,NEW_NAME,-1,-1,RDP_02122_VTD_WHOLEENTITY,NEW_NAME,-1,-1,RDP_02130_VTD_WHOLEENTITY,NEW_NAME,-1,-1,RDP_02150_VTD_WHOLEENTITY,NEW_NAME,-1,-1,RDP_02164_VTD_WHOLEENTITY,NEW_NAME,-1,-1,RDP_02170_VTD_WHOLEENTITY,NEW_NAME,-1,-1,RDP_02180_VTD_WHOLEENTITY,NEW_NAME,-1,-1,RDP_02185_VTD_WHOLEENTITY,NEW_NAME,-1,-1,RDP_02188_VTD_WHOLEENTITY,NEW_NAME,-1,-1,RDP_02195_VTD_WHOLEENTITY,NEW_NAME,-1,-1,RDP_02198_VTD_WHOLEENTITY,NEW_NAME,-1,-1,RDP_02220_VTD_WHOLEENTITY,NEW_NAME,-1,-1,RDP_02230_VTD_WHOLEENTITY,NEW_NAME,-1,-1,RDP_02240_VTD_WHOLEENTITY,NEW_NAME,-1,-1,RDP_02261_VTD_WHOLEENTITY,NEW_NAME,-1,-1,RDP_02270_VTD_WHOLEENTITY,NEW_NAME,-1,-1,RDP_02275_VTD_WHOLEENTITY,NEW_NAME,-1,-1,RDP_02282_VTD_WHOLEENTITY,NEW_NAME,-1,-1,RDP_02290_VTD_WHOLEENTITY,NEW_NAME,-1,-1;NEW_CODE 'NEW_CODE' true true false 6 Text 0 0 ,First,#,RDP_02013_VTD_WHOLEENTITY,NEW_CODE,-1,-1,RDP_02016_VTD_WHOLEENTITY,NEW_CODE,-1,-1,RDP_02020_VTD_WHOLEENTITY,NEW_CODE,-1,-1,RDP_02050_VTD_WHOLEENTITY,NEW_CODE,-1,-1,RDP_02060_VTD_WHOLEENTITY,NEW_CODE,-1,-1,RDP_02068_VTD_WHOLEENTITY,NEW_CODE,-1,-1,RDP_02070_VTD_WHOLEENTITY,NEW_CODE,-1,-1,RDP_02090_VTD_WHOLEENTITY,NEW_CODE,-1,-1,RDP_02100_VTD_WHOLEENTITY,NEW_CODE,-1,-1,RDP_02105_VTD_WHOLEENTITY,NEW_CODE,-1,-1,RDP_02110_VTD_WHOLEENTITY,NEW_CODE,-1,-1,RDP_02122_VTD_WHOLEENTITY,NEW_CODE,-1,-1,RDP_02130_VTD_WHOLEENTITY,NEW_CODE,-1,-1,RDP_02150_VTD_WHOLEENTITY,NEW_CODE,-1,-1,RDP_02164_VTD_WHOLEENTITY,NEW_CODE,-1,-1,RDP_02170_VTD_WHOLEENTITY,NEW_CODE,-1,-1,RDP_02180_VTD_WHOLEENTITY,NEW_CODE,-1,-1,RDP_02185_VTD_WHOLEENTITY,NEW_CODE,-1,-1,RDP_02188_VTD_WHOLEENTITY,NEW_CODE,-1,-1,RDP_02195_VTD_WHOLEENTITY,NEW_CODE,-1,-1,RDP_02198_VTD_WHOLEENTITY,NEW_CODE,-1,-1,RDP_02220_VTD_WHOLEENTITY,NEW_CODE,-1,-1,RDP_02230_VTD_WHOLEENTITY,NEW_CODE,-1,-1,RDP_02240_VTD_WHOLEENTITY,NEW_CODE,-1,-1,RDP_02261_VTD_WHOLEENTITY,NEW_CODE,-1,-1,RDP_02270_VTD_WHOLEENTITY,NEW_CODE,-1,-1,RDP_02275_VTD_WHOLEENTITY,NEW_CODE,-1,-1,RDP_02282_VTD_WHOLEENTITY,NEW_CODE,-1,-1,RDP_02290_VTD_WHOLEENTITY,NEW_CODE,-1,-1;RELTYPE1 'RELTYPE1' true true false 2 Text 0 0 ,First,#,RDP_02013_VTD_WHOLEENTITY,RELTYPE1,-1,-1,RDP_02016_VTD_WHOLEENTITY,RELTYPE1,-1,-1,RDP_02020_VTD_WHOLEENTITY,RELTYPE1,-1,-1,RDP_02050_VTD_WHOLEENTITY,RELTYPE1,-1,-1,RDP_02060_VTD_WHOLEENTITY,RELTYPE1,-1,-1,RDP_02068_VTD_WHOLEENTITY,RELTYPE1,-1,-1,RDP_02070_VTD_WHOLEENTITY,RELTYPE1,-1,-1,RDP_02090_VTD_WHOLEENTITY,RELTYPE1,-1,-1,RDP_02100_VTD_WHOLEENTITY,RELTYPE1,-1,-1,RDP_02105_VTD_WHOLEENTITY,RELTYPE1,-1,-1,RDP_02110_VTD_WHOLEENTITY,RELTYPE1,-1,-1,RDP_02122_VTD_WHOLEENTITY,RELTYPE1,-1,-1,RDP_02130_VTD_WHOLEENTITY,RELTYPE1,-1,-1,RDP_02150_VTD_WHOLEENTITY,RELTYPE1,-1,-1,RDP_02164_VTD_WHOLEENTITY,RELTYPE1,-1,-1,RDP_02170_VTD_WHOLEENTITY,RELTYPE1,-1,-1,RDP_02180_VTD_WHOLEENTITY,RELTYPE1,-1,-1,RDP_02185_VTD_WHOLEENTITY,RELTYPE1,-1,-1,RDP_02188_VTD_WHOLEENTITY,RELTYPE1,-1,-1,RDP_02195_VTD_WHOLEENTITY,RELTYPE1,-1,-1,RDP_02198_VTD_WHOLEENTITY,RELTYPE1,-1,-1,RDP_02220_VTD_WHOLEENTITY,RELTYPE1,-1,-1,RDP_02230_VTD_WHOLEENTITY,RELTYPE1,-1,-1,RDP_02240_VTD_WHOLEENTITY,RELTYPE1,-1,-1,RDP_02261_VTD_WHOLEENTITY,RELTYPE1,-1,-1,RDP_02270_VTD_WHOLEENTITY,RELTYPE1,-1,-1,RDP_02275_VTD_WHOLEENTITY,RELTYPE1,-1,-1,RDP_02282_VTD_WHOLEENTITY,RELTYPE1,-1,-1,RDP_02290_VTD_WHOLEENTITY,RELTYPE1,-1,-1;RELTYPE2 'RELTYPE2' true true false 2 Text 0 0 ,First,#,RDP_02013_VTD_WHOLEENTITY,RELTYPE2,-1,-1,RDP_02016_VTD_WHOLEENTITY,RELTYPE2,-1,-1,RDP_02020_VTD_WHOLEENTITY,RELTYPE2,-1,-1,RDP_02050_VTD_WHOLEENTITY,RELTYPE2,-1,-1,RDP_02060_VTD_WHOLEENTITY,RELTYPE2,-1,-1,RDP_02068_VTD_WHOLEENTITY,RELTYPE2,-1,-1,RDP_02070_VTD_WHOLEENTITY,RELTYPE2,-1,-1,RDP_02090_VTD_WHOLEENTITY,RELTYPE2,-1,-1,RDP_02100_VTD_WHOLEENTITY,RELTYPE2,-1,-1,RDP_02105_VTD_WHOLEENTITY,RELTYPE2,-1,-1,RDP_02110_VTD_WHOLEENTITY,RELTYPE2,-1,-1,RDP_02122_VTD_WHOLEENTITY,RELTYPE2,-1,-1,RDP_02130_VTD_WHOLEENTITY,RELTYPE2,-1,-1,RDP_02150_VTD_WHOLEENTITY,RELTYPE2,-1,-1,RDP_02164_VTD_WHOLEENTITY,RELTYPE2,-1,-1,RDP_02170_VTD_WHOLEENTITY,RELTYPE2,-1,-1,RDP_02180_VTD_WHOLEENTITY,RELTYPE2,-1,-1,RDP_02185_VTD_WHOLEENTITY,RELTYPE2,-1,-1,RDP_02188_VTD_WHOLEENTITY,RELTYPE2,-1,-1,RDP_02195_VTD_WHOLEENTITY,RELTYPE2,-1,-1,RDP_02198_VTD_WHOLEENTITY,RELTYPE2,-1,-1,RDP_02220_VTD_WHOLEENTITY,RELTYPE2,-1,-1,RDP_02230_VTD_WHOLEENTITY,RELTYPE2,-1,-1,RDP_02240_VTD_WHOLEENTITY,RELTYPE2,-1,-1,RDP_02261_VTD_WHOLEENTITY,RELTYPE2,-1,-1,RDP_02270_VTD_WHOLEENTITY,RELTYPE2,-1,-1,RDP_02275_VTD_WHOLEENTITY,RELTYPE2,-1,-1,RDP_02282_VTD_WHOLEENTITY,RELTYPE2,-1,-1,RDP_02290_VTD_WHOLEENTITY,RELTYPE2,-1,-1;RELTYPE3 'RELTYPE3' true true false 2 Text 0 0 ,First,#,RDP_02013_VTD_WHOLEENTITY,RELTYPE3,-1,-1,RDP_02016_VTD_WHOLEENTITY,RELTYPE3,-1,-1,RDP_02020_VTD_WHOLEENTITY,RELTYPE3,-1,-1,RDP_02050_VTD_WHOLEENTITY,RELTYPE3,-1,-1,RDP_02060_VTD_WHOLEENTITY,RELTYPE3,-1,-1,RDP_02068_VTD_WHOLEENTITY,RELTYPE3,-1,-1,RDP_02070_VTD_WHOLEENTITY,RELTYPE3,-1,-1,RDP_02090_VTD_WHOLEENTITY,RELTYPE3,-1,-1,RDP_02100_VTD_WHOLEENTITY,RELTYPE3,-1,-1,RDP_02105_VTD_WHOLEENTITY,RELTYPE3,-1,-1,RDP_02110_VTD_WHOLEENTITY,RELTYPE3,-1,-1,RDP_02122_VTD_WHOLEENTITY,RELTYPE3,-1,-1,RDP_02130_VTD_WHOLEENTITY,RELTYPE3,-1,-1,RDP_02150_VTD_WHOLEENTITY,RELTYPE3,-1,-1,RDP_02164_VTD_WHOLEENTITY,RELTYPE3,-1,-1,RDP_02170_VTD_WHOLEENTITY,RELTYPE3,-1,-1,RDP_02180_VTD_WHOLEENTITY,RELTYPE3,-1,-1,RDP_02185_VTD_WHOLEENTITY,RELTYPE3,-1,-1,RDP_02188_VTD_WHOLEENTITY,RELTYPE3,-1,-1,RDP_02195_VTD_WHOLEENTITY,RELTYPE3,-1,-1,RDP_02198_VTD_WHOLEENTITY,RELTYPE3,-1,-1,RDP_02220_VTD_WHOLEENTITY,RELTYPE3,-1,-1,RDP_02230_VTD_WHOLEENTITY,RELTYPE3,-1,-1,RDP_02240_VTD_WHOLEENTITY,RELTYPE3,-1,-1,RDP_02261_VTD_WHOLEENTITY,RELTYPE3,-1,-1,RDP_02270_VTD_WHOLEENTITY,RELTYPE3,-1,-1,RDP_02275_VTD_WHOLEENTITY,RELTYPE3,-1,-1,RDP_02282_VTD_WHOLEENTITY,RELTYPE3,-1,-1,RDP_02290_VTD_WHOLEENTITY,RELTYPE3,-1,-1;RELTYPE4 'RELTYPE4' true true false 2 Text 0 0 ,First,#,RDP_02013_VTD_WHOLEENTITY,RELTYPE4,-1,-1,RDP_02016_VTD_WHOLEENTITY,RELTYPE4,-1,-1,RDP_02020_VTD_WHOLEENTITY,RELTYPE4,-1,-1,RDP_02050_VTD_WHOLEENTITY,RELTYPE4,-1,-1,RDP_02060_VTD_WHOLEENTITY,RELTYPE4,-1,-1,RDP_02068_VTD_WHOLEENTITY,RELTYPE4,-1,-1,RDP_02070_VTD_WHOLEENTITY,RELTYPE4,-1,-1,RDP_02090_VTD_WHOLEENTITY,RELTYPE4,-1,-1,RDP_02100_VTD_WHOLEENTITY,RELTYPE4,-1,-1,RDP_02105_VTD_WHOLEENTITY,RELTYPE4,-1,-1,RDP_02110_VTD_WHOLEENTITY,RELTYPE4,-1,-1,RDP_02122_VTD_WHOLEENTITY,RELTYPE4,-1,-1,RDP_02130_VTD_WHOLEENTITY,RELTYPE4,-1,-1,RDP_02150_VTD_WHOLEENTITY,RELTYPE4,-1,-1,RDP_02164_VTD_WHOLEENTITY,RELTYPE4,-1,-1,RDP_02170_VTD_WHOLEENTITY,RELTYPE4,-1,-1,RDP_02180_VTD_WHOLEENTITY,RELTYPE4,-1,-1,RDP_02185_VTD_WHOLEENTITY,RELTYPE4,-1,-1,RDP_02188_VTD_WHOLEENTITY,RELTYPE4,-1,-1,RDP_02195_VTD_WHOLEENTITY,RELTYPE4,-1,-1,RDP_02198_VTD_WHOLEENTITY,RELTYPE4,-1,-1,RDP_02220_VTD_WHOLEENTITY,RELTYPE4,-1,-1,RDP_02230_VTD_WHOLEENTITY,RELTYPE4,-1,-1,RDP_02240_VTD_WHOLEENTITY,RELTYPE4,-1,-1,RDP_02261_VTD_WHOLEENTITY,RELTYPE4,-1,-1,RDP_02270_VTD_WHOLEENTITY,RELTYPE4,-1,-1,RDP_02275_VTD_WHOLEENTITY,RELTYPE4,-1,-1,RDP_02282_VTD_WHOLEENTITY,RELTYPE4,-1,-1,RDP_02290_VTD_WHOLEENTITY,RELTYPE4,-1,-1;RELTYPE5 'RELTYPE5' true true false 2 Text 0 0 ,First,#,RDP_02013_VTD_WHOLEENTITY,RELTYPE5,-1,-1,RDP_02016_VTD_WHOLEENTITY,RELTYPE5,-1,-1,RDP_02020_VTD_WHOLEENTITY,RELTYPE5,-1,-1,RDP_02050_VTD_WHOLEENTITY,RELTYPE5,-1,-1,RDP_02060_VTD_WHOLEENTITY,RELTYPE5,-1,-1,RDP_02068_VTD_WHOLEENTITY,RELTYPE5,-1,-1,RDP_02070_VTD_WHOLEENTITY,RELTYPE5,-1,-1,RDP_02090_VTD_WHOLEENTITY,RELTYPE5,-1,-1,RDP_02100_VTD_WHOLEENTITY,RELTYPE5,-1,-1,RDP_02105_VTD_WHOLEENTITY,RELTYPE5,-1,-1,RDP_02110_VTD_WHOLEENTITY,RELTYPE5,-1,-1,RDP_02122_VTD_WHOLEENTITY,RELTYPE5,-1,-1,RDP_02130_VTD_WHOLEENTITY,RELTYPE5,-1,-1,RDP_02150_VTD_WHOLEENTITY,RELTYPE5,-1,-1,RDP_02164_VTD_WHOLEENTITY,RELTYPE5,-1,-1,RDP_02170_VTD_WHOLEENTITY,RELTYPE5,-1,-1,RDP_02180_VTD_WHOLEENTITY,RELTYPE5,-1,-1,RDP_02185_VTD_WHOLEENTITY,RELTYPE5,-1,-1,RDP_02188_VTD_WHOLEENTITY,RELTYPE5,-1,-1,RDP_02195_VTD_WHOLEENTITY,RELTYPE5,-1,-1,RDP_02198_VTD_WHOLEENTITY,RELTYPE5,-1,-1,RDP_02220_VTD_WHOLEENTITY,RELTYPE5,-1,-1,RDP_02230_VTD_WHOLEENTITY,RELTYPE5,-1,-1,RDP_02240_VTD_WHOLEENTITY,RELTYPE5,-1,-1,RDP_02261_VTD_WHOLEENTITY,RELTYPE5,-1,-1,RDP_02270_VTD_WHOLEENTITY,RELTYPE5,-1,-1,RDP_02275_VTD_WHOLEENTITY,RELTYPE5,-1,-1,RDP_02282_VTD_WHOLEENTITY,RELTYPE5,-1,-1,RDP_02290_VTD_WHOLEENTITY,RELTYPE5,-1,-1;REL_ENT1 'REL_ENT1' true true false 8 Text 0 0 ,First,#,RDP_02013_VTD_WHOLEENTITY,REL_ENT1,-1,-1,RDP_02016_VTD_WHOLEENTITY,REL_ENT1,-1,-1,RDP_02020_VTD_WHOLEENTITY,REL_ENT1,-1,-1,RDP_02050_VTD_WHOLEENTITY,REL_ENT1,-1,-1,RDP_02060_VTD_WHOLEENTITY,REL_ENT1,-1,-1,RDP_02068_VTD_WHOLEENTITY,REL_ENT1,-1,-1,RDP_02070_VTD_WHOLEENTITY,REL_ENT1,-1,-1,RDP_02090_VTD_WHOLEENTITY,REL_ENT1,-1,-1,RDP_02100_VTD_WHOLEENTITY,REL_ENT1,-1,-1,RDP_02105_VTD_WHOLEENTITY,REL_ENT1,-1,-1,RDP_02110_VTD_WHOLEENTITY,REL_ENT1,-1,-1,RDP_02122_VTD_WHOLEENTITY,REL_ENT1,-1,-1,RDP_02130_VTD_WHOLEENTITY,REL_ENT1,-1,-1,RDP_02150_VTD_WHOLEENTITY,REL_ENT1,-1,-1,RDP_02164_VTD_WHOLEENTITY,REL_ENT1,-1,-1,RDP_02170_VTD_WHOLEENTITY,REL_ENT1,-1,-1,RDP_02180_VTD_WHOLEENTITY,REL_ENT1,-1,-1,RDP_02185_VTD_WHOLEENTITY,REL_ENT1,-1,-1,RDP_02188_VTD_WHOLEENTITY,REL_ENT1,-1,-1,RDP_02195_VTD_WHOLEENTITY,REL_ENT1,-1,-1,RDP_02198_VTD_WHOLEENTITY,REL_ENT1,-1,-1,RDP_02220_VTD_WHOLEENTITY,REL_ENT1,-1,-1,RDP_02230_VTD_WHOLEENTITY,REL_ENT1,-1,-1,RDP_02240_VTD_WHOLEENTITY,REL_ENT1,-1,-1,RDP_02261_VTD_WHOLEENTITY,REL_ENT1,-1,-1,RDP_02270_VTD_WHOLEENTITY,REL_ENT1,-1,-1,RDP_02275_VTD_WHOLEENTITY,REL_ENT1,-1,-1,RDP_02282_VTD_WHOLEENTITY,REL_ENT1,-1,-1,RDP_02290_VTD_WHOLEENTITY,REL_ENT1,-1,-1;REL_ENT2 'REL_ENT2' true true false 8 Text 0 0 ,First,#,RDP_02013_VTD_WHOLEENTITY,REL_ENT2,-1,-1,RDP_02016_VTD_WHOLEENTITY,REL_ENT2,-1,-1,RDP_02020_VTD_WHOLEENTITY,REL_ENT2,-1,-1,RDP_02050_VTD_WHOLEENTITY,REL_ENT2,-1,-1,RDP_02060_VTD_WHOLEENTITY,REL_ENT2,-1,-1,RDP_02068_VTD_WHOLEENTITY,REL_ENT2,-1,-1,RDP_02070_VTD_WHOLEENTITY,REL_ENT2,-1,-1,RDP_02090_VTD_WHOLEENTITY,REL_ENT2,-1,-1,RDP_02100_VTD_WHOLEENTITY,REL_ENT2,-1,-1,RDP_02105_VTD_WHOLEENTITY,REL_ENT2,-1,-1,RDP_02110_VTD_WHOLEENTITY,REL_ENT2,-1,-1,RDP_02122_VTD_WHOLEENTITY,REL_ENT2,-1,-1,RDP_02130_VTD_WHOLEENTITY,REL_ENT2,-1,-1,RDP_02150_VTD_WHOLEENTITY,REL_ENT2,-1,-1,RDP_02164_VTD_WHOLEENTITY,REL_ENT2,-1,-1,RDP_02170_VTD_WHOLEENTITY,REL_ENT2,-1,-1,RDP_02180_VTD_WHOLEENTITY,REL_ENT2,-1,-1,RDP_02185_VTD_WHOLEENTITY,REL_ENT2,-1,-1,RDP_02188_VTD_WHOLEENTITY,REL_ENT2,-1,-1,RDP_02195_VTD_WHOLEENTITY,REL_ENT2,-1,-1,RDP_02198_VTD_WHOLEENTITY,REL_ENT2,-1,-1,RDP_02220_VTD_WHOLEENTITY,REL_ENT2,-1,-1,RDP_02230_VTD_WHOLEENTITY,REL_ENT2,-1,-1,RDP_02240_VTD_WHOLEENTITY,REL_ENT2,-1,-1,RDP_02261_VTD_WHOLEENTITY,REL_ENT2,-1,-1,RDP_02270_VTD_WHOLEENTITY,REL_ENT2,-1,-1,RDP_02275_VTD_WHOLEENTITY,REL_ENT2,-1,-1,RDP_02282_VTD_WHOLEENTITY,REL_ENT2,-1,-1,RDP_02290_VTD_WHOLEENTITY,REL_ENT2,-1,-1;REL_ENT3 'REL_ENT3' true true false 8 Text 0 0 ,First,#,RDP_02013_VTD_WHOLEENTITY,REL_ENT3,-1,-1,RDP_02016_VTD_WHOLEENTITY,REL_ENT3,-1,-1,RDP_02020_VTD_WHOLEENTITY,REL_ENT3,-1,-1,RDP_02050_VTD_WHOLEENTITY,REL_ENT3,-1,-1,RDP_02060_VTD_WHOLEENTITY,REL_ENT3,-1,-1,RDP_02068_VTD_WHOLEENTITY,REL_ENT3,-1,-1,RDP_02070_VTD_WHOLEENTITY,REL_ENT3,-1,-1,RDP_02090_VTD_WHOLEENTITY,REL_ENT3,-1,-1,RDP_02100_VTD_WHOLEENTITY,REL_ENT3,-1,-1,RDP_02105_VTD_WHOLEENTITY,REL_ENT3,-1,-1,RDP_02110_VTD_WHOLEENTITY,REL_ENT3,-1,-1,RDP_02122_VTD_WHOLEENTITY,REL_ENT3,-1,-1,RDP_02130_VTD_WHOLEENTITY,REL_ENT3,-1,-1,RDP_02150_VTD_WHOLEENTITY,REL_ENT3,-1,-1,RDP_02164_VTD_WHOLEENTITY,REL_ENT3,-1,-1,RDP_02170_VTD_WHOLEENTITY,REL_ENT3,-1,-1,RDP_02180_VTD_WHOLEENTITY,REL_ENT3,-1,-1,RDP_02185_VTD_WHOLEENTITY,REL_ENT3,-1,-1,RDP_02188_VTD_WHOLEENTITY,REL_ENT3,-1,-1,RDP_02195_VTD_WHOLEENTITY,REL_ENT3,-1,-1,RDP_02198_VTD_WHOLEENTITY,REL_ENT3,-1,-1,RDP_02220_VTD_WHOLEENTITY,REL_ENT3,-1,-1,RDP_02230_VTD_WHOLEENTITY,REL_ENT3,-1,-1,RDP_02240_VTD_WHOLEENTITY,REL_ENT3,-1,-1,RDP_02261_VTD_WHOLEENTITY,REL_ENT3,-1,-1,RDP_02270_VTD_WHOLEENTITY,REL_ENT3,-1,-1,RDP_02275_VTD_WHOLEENTITY,REL_ENT3,-1,-1,RDP_02282_VTD_WHOLEENTITY,REL_ENT3,-1,-1,RDP_02290_VTD_WHOLEENTITY,REL_ENT3,-1,-1;REL_ENT4 'REL_ENT4' true true false 8 Text 0 0 ,First,#,RDP_02013_VTD_WHOLEENTITY,REL_ENT4,-1,-1,RDP_02016_VTD_WHOLEENTITY,REL_ENT4,-1,-1,RDP_02020_VTD_WHOLEENTITY,REL_ENT4,-1,-1,RDP_02050_VTD_WHOLEENTITY,REL_ENT4,-1,-1,RDP_02060_VTD_WHOLEENTITY,REL_ENT4,-1,-1,RDP_02068_VTD_WHOLEENTITY,REL_ENT4,-1,-1,RDP_02070_VTD_WHOLEENTITY,REL_ENT4,-1,-1,RDP_02090_VTD_WHOLEENTITY,REL_ENT4,-1,-1,RDP_02100_VTD_WHOLEENTITY,REL_ENT4,-1,-1,RDP_02105_VTD_WHOLEENTITY,REL_ENT4,-1,-1,RDP_02110_VTD_WHOLEENTITY,REL_ENT4,-1,-1,RDP_02122_VTD_WHOLEENTITY,REL_ENT4,-1,-1,RDP_02130_VTD_WHOLEENTITY,REL_ENT4,-1,-1,RDP_02150_VTD_WHOLEENTITY,REL_ENT4,-1,-1,RDP_02164_VTD_WHOLEENTITY,REL_ENT4,-1,-1,RDP_02170_VTD_WHOLEENTITY,REL_ENT4,-1,-1,RDP_02180_VTD_WHOLEENTITY,REL_ENT4,-1,-1,RDP_02185_VTD_WHOLEENTITY,REL_ENT4,-1,-1,RDP_02188_VTD_WHOLEENTITY,REL_ENT4,-1,-1,RDP_02195_VTD_WHOLEENTITY,REL_ENT4,-1,-1,RDP_02198_VTD_WHOLEENTITY,REL_ENT4,-1,-1,RDP_02220_VTD_WHOLEENTITY,REL_ENT4,-1,-1,RDP_02230_VTD_WHOLEENTITY,REL_ENT4,-1,-1,RDP_02240_VTD_WHOLEENTITY,REL_ENT4,-1,-1,RDP_02261_VTD_WHOLEENTITY,REL_ENT4,-1,-1,RDP_02270_VTD_WHOLEENTITY,REL_ENT4,-1,-1,RDP_02275_VTD_WHOLEENTITY,REL_ENT4,-1,-1,RDP_02282_VTD_WHOLEENTITY,REL_ENT4,-1,-1,RDP_02290_VTD_WHOLEENTITY,REL_ENT4,-1,-1;REL_ENT5 'REL_ENT5' true true false 8 Text 0 0 ,First,#,RDP_02013_VTD_WHOLEENTITY,REL_ENT5,-1,-1,RDP_02016_VTD_WHOLEENTITY,REL_ENT5,-1,-1,RDP_02020_VTD_WHOLEENTITY,REL_ENT5,-1,-1,RDP_02050_VTD_WHOLEENTITY,REL_ENT5,-1,-1,RDP_02060_VTD_WHOLEENTITY,REL_ENT5,-1,-1,RDP_02068_VTD_WHOLEENTITY,REL_ENT5,-1,-1,RDP_02070_VTD_WHOLEENTITY,REL_ENT5,-1,-1,RDP_02090_VTD_WHOLEENTITY,REL_ENT5,-1,-1,RDP_02100_VTD_WHOLEENTITY,REL_ENT5,-1,-1,RDP_02105_VTD_WHOLEENTITY,REL_ENT5,-1,-1,RDP_02110_VTD_WHOLEENTITY,REL_ENT5,-1,-1,RDP_02122_VTD_WHOLEENTITY,REL_ENT5,-1,-1,RDP_02130_VTD_WHOLEENTITY,REL_ENT5,-1,-1,RDP_02150_VTD_WHOLEENTITY,REL_ENT5,-1,-1,RDP_02164_VTD_WHOLEENTITY,REL_ENT5,-1,-1,RDP_02170_VTD_WHOLEENTITY,REL_ENT5,-1,-1,RDP_02180_VTD_WHOLEENTITY,REL_ENT5,-1,-1,RDP_02185_VTD_WHOLEENTITY,REL_ENT5,-1,-1,RDP_02188_VTD_WHOLEENTITY,REL_ENT5,-1,-1,RDP_02195_VTD_WHOLEENTITY,REL_ENT5,-1,-1,RDP_02198_VTD_WHOLEENTITY,REL_ENT5,-1,-1,RDP_02220_VTD_WHOLEENTITY,REL_ENT5,-1,-1,RDP_02230_VTD_WHOLEENTITY,REL_ENT5,-1,-1,RDP_02240_VTD_WHOLEENTITY,REL_ENT5,-1,-1,RDP_02261_VTD_WHOLEENTITY,REL_ENT5,-1,-1,RDP_02270_VTD_WHOLEENTITY,REL_ENT5,-1,-1,RDP_02275_VTD_WHOLEENTITY,REL_ENT5,-1,-1,RDP_02282_VTD_WHOLEENTITY,REL_ENT5,-1,-1,RDP_02290_VTD_WHOLEENTITY,REL_ENT5,-1,-1;RELATE 'RELATE' true true false 120 Text 0 0 ,First,#,RDP_02013_VTD_WHOLEENTITY,RELATE,-1,-1,RDP_02016_VTD_WHOLEENTITY,RELATE,-1,-1,RDP_02020_VTD_WHOLEENTITY,RELATE,-1,-1,RDP_02050_VTD_WHOLEENTITY,RELATE,-1,-1,RDP_02060_VTD_WHOLEENTITY,RELATE,-1,-1,RDP_02068_VTD_WHOLEENTITY,RELATE,-1,-1,RDP_02070_VTD_WHOLEENTITY,RELATE,-1,-1,RDP_02090_VTD_WHOLEENTITY,RELATE,-1,-1,RDP_02100_VTD_WHOLEENTITY,RELATE,-1,-1,RDP_02105_VTD_WHOLEENTITY,RELATE,-1,-1,RDP_02110_VTD_WHOLEENTITY,RELATE,-1,-1,RDP_02122_VTD_WHOLEENTITY,RELATE,-1,-1,RDP_02130_VTD_WHOLEENTITY,RELATE,-1,-1,RDP_02150_VTD_WHOLEENTITY,RELATE,-1,-1,RDP_02164_VTD_WHOLEENTITY,RELATE,-1,-1,RDP_02170_VTD_WHOLEENTITY,RELATE,-1,-1,RDP_02180_VTD_WHOLEENTITY,RELATE,-1,-1,RDP_02185_VTD_WHOLEENTITY,RELATE,-1,-1,RDP_02188_VTD_WHOLEENTITY,RELATE,-1,-1,RDP_02195_VTD_WHOLEENTITY,RELATE,-1,-1,RDP_02198_VTD_WHOLEENTITY,RELATE,-1,-1,RDP_02220_VTD_WHOLEENTITY,RELATE,-1,-1,RDP_02230_VTD_WHOLEENTITY,RELATE,-1,-1,RDP_02240_VTD_WHOLEENTITY,RELATE,-1,-1,RDP_02261_VTD_WHOLEENTITY,RELATE,-1,-1,RDP_02270_VTD_WHOLEENTITY,RELATE,-1,-1,RDP_02275_VTD_WHOLEENTITY,RELATE,-1,-1,RDP_02282_VTD_WHOLEENTITY,RELATE,-1,-1,RDP_02290_VTD_WHOLEENTITY,RELATE,-1,-1;NAME 'NAME' true true false 100 Text 0 0 ,First,#,RDP_02013_VTD_WHOLEENTITY,NAME,-1,-1,RDP_02016_VTD_WHOLEENTITY,NAME,-1,-1,RDP_02020_VTD_WHOLEENTITY,NAME,-1,-1,RDP_02050_VTD_WHOLEENTITY,NAME,-1,-1,RDP_02060_VTD_WHOLEENTITY,NAME,-1,-1,RDP_02068_VTD_WHOLEENTITY,NAME,-1,-1,RDP_02070_VTD_WHOLEENTITY,NAME,-1,-1,RDP_02090_VTD_WHOLEENTITY,NAME,-1,-1,RDP_02100_VTD_WHOLEENTITY,NAME,-1,-1,RDP_02105_VTD_WHOLEENTITY,NAME,-1,-1,RDP_02110_VTD_WHOLEENTITY,NAME,-1,-1,RDP_02122_VTD_WHOLEENTITY,NAME,-1,-1,RDP_02130_VTD_WHOLEENTITY,NAME,-1,-1,RDP_02150_VTD_WHOLEENTITY,NAME,-1,-1,RDP_02164_VTD_WHOLEENTITY,NAME,-1,-1,RDP_02170_VTD_WHOLEENTITY,NAME,-1,-1,RDP_02180_VTD_WHOLEENTITY,NAME,-1,-1,RDP_02185_VTD_WHOLEENTITY,NAME,-1,-1,RDP_02188_VTD_WHOLEENTITY,NAME,-1,-1,RDP_02195_VTD_WHOLEENTITY,NAME,-1,-1,RDP_02198_VTD_WHOLEENTITY,NAME,-1,-1,RDP_02220_VTD_WHOLEENTITY,NAME,-1,-1,RDP_02230_VTD_WHOLEENTITY,NAME,-1,-1,RDP_02240_VTD_WHOLEENTITY,NAME,-1,-1,RDP_02261_VTD_WHOLEENTITY,NAME,-1,-1,RDP_02270_VTD_WHOLEENTITY,NAME,-1,-1,RDP_02275_VTD_WHOLEENTITY,NAME,-1,-1,RDP_02282_VTD_WHOLEENTITY,NAME,-1,-1,RDP_02290_VTD_WHOLEENTITY,NAME,-1,-1;VINTAGE 'VINTAGE' true true false 2 Text 0 0 ,First,#,RDP_02013_VTD_WHOLEENTITY,VINTAGE,-1,-1,RDP_02016_VTD_WHOLEENTITY,VINTAGE,-1,-1,RDP_02020_VTD_WHOLEENTITY,VINTAGE,-1,-1,RDP_02050_VTD_WHOLEENTITY,VINTAGE,-1,-1,RDP_02060_VTD_WHOLEENTITY,VINTAGE,-1,-1,RDP_02068_VTD_WHOLEENTITY,VINTAGE,-1,-1,RDP_02070_VTD_WHOLEENTITY,VINTAGE,-1,-1,RDP_02090_VTD_WHOLEENTITY,VINTAGE,-1,-1,RDP_02100_VTD_WHOLEENTITY,VINTAGE,-1,-1,RDP_02105_VTD_WHOLEENTITY,VINTAGE,-1,-1,RDP_02110_VTD_WHOLEENTITY,VINTAGE,-1,-1,RDP_02122_VTD_WHOLEENTITY,VINTAGE,-1,-1,RDP_02130_VTD_WHOLEENTITY,VINTAGE,-1,-1,RDP_02150_VTD_WHOLEENTITY,VINTAGE,-1,-1,RDP_02164_VTD_WHOLEENTITY,VINTAGE,-1,-1,RDP_02170_VTD_WHOLEENTITY,VINTAGE,-1,-1,RDP_02180_VTD_WHOLEENTITY,VINTAGE,-1,-1,RDP_02185_VTD_WHOLEENTITY,VINTAGE,-1,-1,RDP_02188_VTD_WHOLEENTITY,VINTAGE,-1,-1,RDP_02195_VTD_WHOLEENTITY,VINTAGE,-1,-1,RDP_02198_VTD_WHOLEENTITY,VINTAGE,-1,-1,RDP_02220_VTD_WHOLEENTITY,VINTAGE,-1,-1,RDP_02230_VTD_WHOLEENTITY,VINTAGE,-1,-1,RDP_02240_VTD_WHOLEENTITY,VINTAGE,-1,-1,RDP_02261_VTD_WHOLEENTITY,VINTAGE,-1,-1,RDP_02270_VTD_WHOLEENTITY,VINTAGE,-1,-1,RDP_02275_VTD_WHOLEENTITY,VINTAGE,-1,-1,RDP_02282_VTD_WHOLEENTITY,VINTAGE,-1,-1,RDP_02290_VTD_WHOLEENTITY,VINTAGE,-1,-1;FUNCSTAT 'FUNCSTAT' true true false 1 Text 0 0 ,First,#,RDP_02013_VTD_WHOLEENTITY,FUNCSTAT,-1,-1,RDP_02016_VTD_WHOLEENTITY,FUNCSTAT,-1,-1,RDP_02020_VTD_WHOLEENTITY,FUNCSTAT,-1,-1,RDP_02050_VTD_WHOLEENTITY,FUNCSTAT,-1,-1,RDP_02060_VTD_WHOLEENTITY,FUNCSTAT,-1,-1,RDP_02068_VTD_WHOLEENTITY,FUNCSTAT,-1,-1,RDP_02070_VTD_WHOLEENTITY,FUNCSTAT,-1,-1,RDP_02090_VTD_WHOLEENTITY,FUNCSTAT,-1,-1,RDP_02100_VTD_WHOLEENTITY,FUNCSTAT,-1,-1,RDP_02105_VTD_WHOLEENTITY,FUNCSTAT,-1,-1,RDP_02110_VTD_WHOLEENTITY,FUNCSTAT,-1,-1,RDP_02122_VTD_WHOLEENTITY,FUNCSTAT,-1,-1,RDP_02130_VTD_WHOLEENTITY,FUNCSTAT,-1,-1,RDP_02150_VTD_WHOLEENTITY,FUNCSTAT,-1,-1,RDP_02164_VTD_WHOLEENTITY,FUNCSTAT,-1,-1,RDP_02170_VTD_WHOLEENTITY,FUNCSTAT,-1,-1,RDP_02180_VTD_WHOLEENTITY,FUNCSTAT,-1,-1,RDP_02185_VTD_WHOLEENTITY,FUNCSTAT,-1,-1,RDP_02188_VTD_WHOLEENTITY,FUNCSTAT,-1,-1,RDP_02195_VTD_WHOLEENTITY,FUNCSTAT,-1,-1,RDP_02198_VTD_WHOLEENTITY,FUNCSTAT,-1,-1,RDP_02220_VTD_WHOLEENTITY,FUNCSTAT,-1,-1,RDP_02230_VTD_WHOLEENTITY,FUNCSTAT,-1,-1,RDP_02240_VTD_WHOLEENTITY,FUNCSTAT,-1,-1,RDP_02261_VTD_WHOLEENTITY,FUNCSTAT,-1,-1,RDP_02270_VTD_WHOLEENTITY,FUNCSTAT,-1,-1,RDP_02275_VTD_WHOLEENTITY,FUNCSTAT,-1,-1,RDP_02282_VTD_WHOLEENTITY,FUNCSTAT,-1,-1,RDP_02290_VTD_WHOLEENTITY,FUNCSTAT,-1,-1"</Process></lineage></DataProperties><ArcGISFormat>1.0</ArcGISFormat></Esri><idinfo><native Sync="TRUE">Microsoft Windows XP Version 5.1 (Build 2600) Service Pack 3; ESRI ArcCatalog 9.3.0.1770</native><descript><langdata Sync="TRUE">en</langdata><abstract>REQUIRED: A brief narrative summary of the data set.</abstract><purpose>REQUIRED: A summary of the intentions with which the data set was developed.</purpose></descript><citation><citeinfo><origin>REQUIRED: The name of an organization or individual that developed the data set.</origin><pubdate>REQUIRED: The date when the data set is published or otherwise made available for release.</pubdate><title Sync="TRUE">AlaskaVotingPrecinctsCensus</title><ftname Sync="TRUE">AlaskaVotingPrecinctsCensus</ftname><geoform Sync="TRUE">vector digital data</geoform><onlink Sync="TRUE"></onlink></citeinfo></citation><timeperd><current>REQUIRED: The basis on which the time period of content information is determined.</current><timeinfo><sngdate><caldate>REQUIRED: The year (and optionally month, or month and day) for which the data set corresponds to the ground.</caldate></sngdate></timeinfo></timeperd><status><progress>REQUIRED: The state of the data set.</progress><update>REQUIRED: The frequency with which changes and additions are made to the data set after the initial data set is completed.</update></status><spdom><bounding><westbc Sync="TRUE">REQUIRED: Western-most coordinate of the limit of coverage expressed in longitude.</westbc><eastbc Sync="TRUE">REQUIRED: Eastern-most coordinate of the limit of coverage expressed in longitude.</eastbc><northbc Sync="TRUE">REQUIRED: Northern-most coordinate of the limit of coverage expressed in latitude.</northbc><southbc Sync="TRUE">REQUIRED: Southern-most coordinate of the limit of coverage expressed in latitude.</southbc></bounding></spdom><keywords><theme><themekt>REQUIRED: Reference to a formally registered thesaurus or a similar authoritative source of theme keywords.</themekt><themekey>REQUIRED: Common-use word or phrase used to describe the subject of the data set.</themekey></theme></keywords><accconst>REQUIRED: Restrictions and legal prerequisites for accessing the data set.</accconst><useconst>REQUIRED: Restrictions and legal prerequisites for using the data set after access is granted.</useconst><natvform Sync="TRUE">Shapefile</natvform></idinfo><dataIdInfo><envirDesc Sync="TRUE">Microsoft Windows XP Version 5.1 (Build 2600) Service Pack 3; ESRI ArcCatalog 9.3.0.1770</envirDesc><dataLang><languageCode Sync="TRUE" value="en"></languageCode></dataLang><idCitation><resTitle Sync="TRUE">AlaskaVotingPrecinctsCensus</resTitle><presForm><PresFormCd Sync="TRUE" value="005"></PresFormCd></presForm></idCitation><spatRpType><SpatRepTypCd Sync="TRUE" value="001"></SpatRepTypCd></spatRpType></dataIdInfo><metainfo><langmeta Sync="TRUE">en</langmeta><metstdn Sync="TRUE">FGDC Content Standards for Digital Geospatial Metadata</metstdn><metstdv Sync="TRUE">FGDC-STD-001-1998</metstdv><mettc Sync="TRUE">local time</mettc><metextns><onlink Sync="TRUE">http://www.esri.com/metadata/esriprof80.html</onlink><metprof Sync="TRUE">ESRI Metadata Profile</metprof></metextns><metc><cntinfo><cntorgp><cntper>REQUIRED: The person responsible for the metadata information.</cntper><cntorg>REQUIRED: The organization responsible for the metadata information.</cntorg></cntorgp><cntaddr><addrtype>REQUIRED: The mailing and/or physical address for the organization or individual.</addrtype><city>REQUIRED: The city of the address.</city><state>REQUIRED: The state or province of the address.</state><postal>REQUIRED: The ZIP or other postal code of the address.</postal></cntaddr><cntvoice>REQUIRED: The telephone number by which individuals can speak to the organization or individual.</cntvoice></cntinfo></metc><metd Sync="TRUE">20100416</metd></metainfo><mdLang><languageCode Sync="TRUE" value="en"></languageCode></mdLang><mdStanName Sync="TRUE">ISO 19115 Geographic Information - Metadata</mdStanName><mdStanVer Sync="TRUE">DIS_ESRI1.0</mdStanVer><mdChar><CharSetCd Sync="TRUE" value="004"></CharSetCd></mdChar><mdHrLv><ScopeCd Sync="TRUE" value="005"></ScopeCd></mdHrLv><mdHrLvName Sync="TRUE">dataset</mdHrLvName><distinfo><resdesc Sync="TRUE">Downloadable Data</resdesc><stdorder><digform><digtinfo><transize Sync="TRUE">0.000</transize><dssize Sync="TRUE">0.000</dssize></digtinfo></digform></stdorder></distinfo><distInfo><distributor><distorTran><onLineSrc><orDesc Sync="TRUE">002</orDesc><linkage Sync="TRUE">file://</linkage><protocol Sync="TRUE">Local Area Network</protocol></onLineSrc><transSize Sync="TRUE">0.000</transSize></distorTran><distorFormat><formatName Sync="TRUE">Shapefile</formatName></distorFormat></distributor></distInfo><spdoinfo><direct Sync="TRUE">Vector</direct><ptvctinf><esriterm Name="AlaskaVotingPrecinctsCensus"><efeatyp Sync="TRUE">Simple</efeatyp><efeageom Sync="TRUE">Polygon</efeageom><esritopo Sync="TRUE">FALSE</esritopo><efeacnt Sync="TRUE">0</efeacnt><spindex Sync="TRUE">FALSE</spindex><linrefer Sync="TRUE">FALSE</linrefer></esriterm><sdtsterm Name="AlaskaVotingPrecinctsCensus"><sdtstype Sync="TRUE">G-polygon</sdtstype><ptvctcnt Sync="TRUE">0</ptvctcnt></sdtsterm></ptvctinf></spdoinfo><spref><horizsys><cordsysn><geogcsn Sync="TRUE">GCS_North_American_1983</geogcsn></cordsysn><geograph><geogunit Sync="TRUE">Decimal degrees</geogunit><latres Sync="TRUE">0.000000</latres><longres Sync="TRUE">0.000000</longres></geograph><geodetic><horizdn Sync="TRUE">North American Datum of 1983</horizdn><ellips Sync="TRUE">Geodetic Reference System 80</ellips><semiaxis Sync="TRUE">6378137.000000</semiaxis><denflat Sync="TRUE">298.257222</denflat></geodetic></horizsys></spref><refSysInfo><RefSystem><refSysID><identCode Sync="TRUE">GCS_North_American_1983</identCode></refSysID></RefSystem></refSysInfo><spatRepInfo><VectSpatRep><topLvl><TopoLevCd Sync="TRUE" value="001"></TopoLevCd></topLvl><geometObjs Name="AlaskaVotingPrecinctsCensus"><geoObjTyp><GeoObjTypCd Sync="TRUE" value="001"></GeoObjTypCd></geoObjTyp><geoObjCnt Sync="TRUE">0</geoObjCnt></geometObjs></VectSpatRep></spatRepInfo><eainfo><detailed Name="AlaskaVotingPrecinctsCensus"><enttyp><enttypl Sync="TRUE">AlaskaVotingPrecinctsCensus</enttypl><enttypt Sync="TRUE">Feature Class</enttypt><enttypc Sync="TRUE">0</enttypc></enttyp><attr><attrlabl Sync="TRUE">FID</attrlabl><attalias Sync="TRUE">FID</attalias><attrtype Sync="TRUE">OID</attrtype><attwidth Sync="TRUE">4</attwidth><atprecis Sync="TRUE">0</atprecis><attscale Sync="TRUE">0</attscale><attrdef Sync="TRUE">Internal feature number.</attrdef><attrdefs Sync="TRUE">ESRI</attrdefs><attrdomv><udom Sync="TRUE">Sequential unique whole numbers that are automatically generated.</udom></attrdomv></attr><attr><attrlabl Sync="TRUE">Shape</attrlabl><attalias Sync="TRUE">Shape</attalias><attrtype Sync="TRUE">Geometry</attrtype><attwidth Sync="TRUE">0</attwidth><atprecis Sync="TRUE">0</atprecis><attscale Sync="TRUE">0</attscale><attrdef Sync="TRUE">Feature geometry.</attrdef><attrdefs Sync="TRUE">ESRI</attrdefs><attrdomv><udom Sync="TRUE">Coordinates defining the features.</udom></attrdomv></attr><attr><attrlabl Sync="TRUE">VOTING_DIS</attrlabl><attalias Sync="TRUE">VOTING_DIS</attalias><attrtype Sync="TRUE">String</attrtype><attwidth Sync="TRUE">6</attwidth></attr><attr><attrlabl Sync="TRUE">STATEFP00</attrlabl><attalias Sync="TRUE">STATEFP00</attalias><attrtype Sync="TRUE">String</attrtype><attwidth Sync="TRUE">2</attwidth></attr><attr><attrlabl Sync="TRUE">COUNTYFP00</attrlabl><attalias Sync="TRUE">COUNTYFP00</attalias><attrtype Sync="TRUE">String</attrtype><attwidth Sync="TRUE">3</attwidth></attr><attr><attrlabl Sync="TRUE">VTDST00</attrlabl><attalias Sync="TRUE">VTDST00</attalias><attrtype Sync="TRUE">String</attrtype><attwidth Sync="TRUE">6</attwidth></attr><attr><attrlabl Sync="TRUE">NAMELSAD</attrlabl><attalias Sync="TRUE">NAMELSAD</attalias><attrtype Sync="TRUE">String</attrtype><attwidth Sync="TRUE">100</attwidth></attr><attr><attrlabl Sync="TRUE">VTDI</attrlabl><attalias Sync="TRUE">VTDI</attalias><attrtype Sync="TRUE">String</attrtype><attwidth Sync="TRUE">1</attwidth></attr><attr><attrlabl Sync="TRUE">LSAD</attrlabl><attalias Sync="TRUE">LSAD</attalias><attrtype Sync="TRUE">String</attrtype><attwidth Sync="TRUE">2</attwidth></attr><attr><attrlabl Sync="TRUE">CHNG_TYPE</attrlabl><attalias Sync="TRUE">CHNG_TYPE</attalias><attrtype Sync="TRUE">String</attrtype><attwidth Sync="TRUE">2</attwidth></attr><attr><attrlabl Sync="TRUE">EFF_DATE</attrlabl><attalias Sync="TRUE">EFF_DATE</attalias><attrtype Sync="TRUE">String</attrtype><attwidth Sync="TRUE">8</attwidth></attr><attr><attrlabl Sync="TRUE">NEW_NAME</attrlabl><attalias Sync="TRUE">NEW_NAME</attalias><attrtype Sync="TRUE">String</attrtype><attwidth Sync="TRUE">100</attwidth></attr><attr><attrlabl Sync="TRUE">NEW_CODE</attrlabl><attalias Sync="TRUE">NEW_CODE</attalias><attrtype Sync="TRUE">String</attrtype><attwidth Sync="TRUE">6</attwidth></attr><attr><attrlabl Sync="TRUE">RELTYPE1</attrlabl><attalias Sync="TRUE">RELTYPE1</attalias><attrtype Sync="TRUE">String</attrtype><attwidth Sync="TRUE">2</attwidth></attr><attr><attrlabl Sync="TRUE">RELTYPE2</attrlabl><attalias Sync="TRUE">RELTYPE2</attalias><attrtype Sync="TRUE">String</attrtype><attwidth Sync="TRUE">2</attwidth></attr><attr><attrlabl Sync="TRUE">RELTYPE3</attrlabl><attalias Sync="TRUE">RELTYPE3</attalias><attrtype Sync="TRUE">String</attrtype><attwidth Sync="TRUE">2</attwidth></attr><attr><attrlabl Sync="TRUE">RELTYPE4</attrlabl><attalias Sync="TRUE">RELTYPE4</attalias><attrtype Sync="TRUE">String</attrtype><attwidth Sync="TRUE">2</attwidth></attr><attr><attrlabl Sync="TRUE">RELTYPE5</attrlabl><attalias Sync="TRUE">RELTYPE5</attalias><attrtype Sync="TRUE">String</attrtype><attwidth Sync="TRUE">2</attwidth></attr><attr><attrlabl Sync="TRUE">REL_ENT1</attrlabl><attalias Sync="TRUE">REL_ENT1</attalias><attrtype Sync="TRUE">String</attrtype><attwidth Sync="TRUE">8</attwidth></attr><attr><attrlabl Sync="TRUE">REL_ENT2</attrlabl><attalias Sync="TRUE">REL_ENT2</attalias><attrtype Sync="TRUE">String</attrtype><attwidth Sync="TRUE">8</attwidth></attr><attr><attrlabl Sync="TRUE">REL_ENT3</attrlabl><attalias Sync="TRUE">REL_ENT3</attalias><attrtype Sync="TRUE">String</attrtype><attwidth Sync="TRUE">8</attwidth></attr><attr><attrlabl Sync="TRUE">REL_ENT4</attrlabl><attalias Sync="TRUE">REL_ENT4</attalias><attrtype Sync="TRUE">String</attrtype><attwidth Sync="TRUE">8</attwidth></attr><attr><attrlabl Sync="TRUE">REL_ENT5</attrlabl><attalias Sync="TRUE">REL_ENT5</attalias><attrtype Sync="TRUE">String</attrtype><attwidth Sync="TRUE">8</attwidth></attr><attr><attrlabl Sync="TRUE">RELATE</attrlabl><attalias Sync="TRUE">RELATE</attalias><attrtype Sync="TRUE">String</attrtype><attwidth Sync="TRUE">120</attwidth></attr><attr><attrlabl Sync="TRUE">NAME</attrlabl><attalias Sync="TRUE">NAME</attalias><attrtype Sync="TRUE">String</attrtype><attwidth Sync="TRUE">100</attwidth></attr><attr><attrlabl Sync="TRUE">VINTAGE</attrlabl><attalias Sync="TRUE">VINTAGE</attalias><attrtype Sync="TRUE">String</attrtype><attwidth Sync="TRUE">2</attwidth></attr><attr><attrlabl Sync="TRUE">FUNCSTAT</attrlabl><attalias Sync="TRUE">FUNCSTAT</attalias><attrtype Sync="TRUE">String</attrtype><attwidth Sync="TRUE">1</attwidth></attr></detailed></eainfo><mdDateSt Sync="TRUE">20100416</mdDateSt><dataqual><lineage><procstep><procdesc Sync="TRUE">Dataset copied.</procdesc><srcused Sync="TRUE"></srcused><procdate Sync="TRUE">20100517</procdate><proctime Sync="TRUE">10454700</proctime></procstep></lineage></dataqual></metadata>
